{"loss": [1.1867834329605103, 0.33441242575645447, 0.22723649442195892, 0.17595525085926056, 0.15524518489837646, 0.13656792044639587, 0.12902261316776276, 0.12504327297210693, 0.1186172291636467, 0.12398238480091095], "accuracy": [0.6589089035987854, 0.8909168243408203, 0.9250444769859314, 0.9410200119018555, 0.9489437341690063, 0.9543352723121643, 0.9583612084388733, 0.9599260091781616, 0.9618892073631287, 0.9606373310089111], "val_loss": [0.46360087394714355, 0.37849700450897217, 0.28836846351623535, 0.27887415885925293, 0.26826342940330505, 0.34973081946372986, 0.3067707419395447, 0.28050434589385986, 0.30774468183517456, 0.28196457028388977], "val_accuracy": [0.8516389727592468, 0.8763942718505859, 0.9111654758453369, 0.9178237915039062, 0.9170271158218384, 0.9064420461654663, 0.9188481569290161, 0.9260186553001404, 0.9167994260787964, 0.9231732487678528]}