{"loss": [1.3974151611328125, 0.4500082731246948, 0.2731250822544098, 0.2038956582546234, 0.17119857668876648, 0.14628730714321136, 0.13775911927223206, 0.12300985306501389, 0.12055949121713638, 0.11114323139190674], "accuracy": [0.596343994140625, 0.8546411395072937, 0.9098513126373291, 0.9325841069221497, 0.944476842880249, 0.9520022869110107, 0.9553737640380859, 0.9603243470191956, 0.9620456695556641, 0.9651042222976685], "val_loss": [0.6565608978271484, 0.40932443737983704, 0.3617473542690277, 0.44127219915390015, 0.312567800283432, 0.4415924549102783, 0.38701513409614563, 0.39492642879486084, 0.36928790807724, 0.34878048300743103], "val_accuracy": [0.7888117432594299, 0.871841549873352, 0.8861825466156006, 0.8708741068840027, 0.9077509641647339, 0.8906214237213135, 0.8976781368255615, 0.9019463062286377, 0.9080355167388916, 0.9081493020057678]}